true_pos,obs_pos,true_var
294,294,10
294,294,10
294,294,10
294,294,10
294,294,10
294,294,10
294,294,10
294,294,10
294,309,10
294,309,10
294,309,10
294,309,10
294,309,10
294,309,10
294,309,10
294,309,10
294,309,10
294,309,10
294,309,10
294,309,10
294,309,10
294,309,10
294,309,10
294,309,10
294,309,10
294,309,10
294,309,10
294,309,10
294,309,10
294,309,10
294,309,10
294,309,10
294,309,10
294,309,10
294,309,10
294,309,10
294,309,10
294,309,10
294,309,10
294,309,10
294,309,10
294,309,10
294,309,10
294,309,10
294,309,10
294,309,10
294,309,10
294,309,10
294,309,10
294,309,10
294,309,10
294,309,10
294,309,10
294,309,10
294,309,10
294,309,10
294,309,10
294,309,10
294,309,10
294,309,10
294,309,10
294,309,10
294,309,10
294,309,10
294,309,10
294,309,10
294,309,10
294,309,10
294,286,10
294,286,10
294,286,10
294,286,10
294,286,10
294,286,10
294,286,10
294,298,10
294,298,10
294,298,10
294,298,10
294,298,10
294,298,10
294,298,10
294,298,10
294,298,10
294,298,10
294,298,10
294,298,10
294,298,10
294,298,10
294,298,10
294,298,10
294,298,10
294,292,10
294,292,10
294,292,10
294,292,10
294,292,10
294,292,10
294,292,10
294,292,10
294,305,10
294,305,10
294,305,10
294,305,10
294,305,10
294,305,10
294,305,10
294,305,10
294,305,10
294,305,10
294,305,10
294,305,10
294,305,10
294,305,10
294,305,10
294,305,10
294,305,10
294,305,10
294,305,10
294,305,10
294,305,10
294,305,10
294,305,10
294,305,10
294,305,10
294,305,10
294,305,10
294,305,10
294,305,10
294,305,10
294,305,10
294,305,10
294,283,10
294,283,10
294,283,10
294,283,10
294,283,10
294,283,10
294,294,10
294,294,10
294,294,10
294,294,10
294,294,10
294,294,10
294,294,10
294,294,10
294,294,10
294,294,10
294,294,10
294,294,10
294,294,10
294,294,10
294,294,10
294,294,10
294,294,10
294,294,10
294,294,10
294,294,10
294,294,10
294,294,10
294,294,10
294,300,10
294,300,10
294,300,10
294,300,10
294,300,10
294,300,10
294,300,10
294,300,10
294,300,10
294,300,10
294,300,10
294,300,10
294,300,10
294,300,10
294,300,10
294,300,10
294,300,10
294,300,10
294,300,10
294,300,10
294,300,10
294,300,10
294,300,10
294,300,10
294,300,10
294,300,10
294,300,10
294,300,10
294,300,10
294,300,10
294,300,10
294,300,10
294,300,10
294,300,10
294,300,10
294,300,10
294,300,10
294,300,10
294,300,10
294,300,10
294,300,10
294,300,10
294,300,10
294,300,10
294,300,10
294,300,10
294,300,10
294,300,10
294,300,10
294,300,10
294,300,10
294,300,10
294,300,10
294,300,10
294,300,10
294,305,10
294,305,10
294,305,10
294,305,10
294,305,10
294,305,10
294,305,10
294,305,10
294,305,10
294,305,10
294,305,10
294,305,10
294,305,10
294,305,10
294,305,10
294,305,10
294,305,10
294,305,10
294,305,10
294,305,10
294,305,10
294,305,10
294,305,10
294,305,10
294,305,10
294,305,10
294,305,10
294,305,10
294,305,10
294,305,10
294,305,10
294,305,10
294,305,10
294,305,10
294,305,10
294,305,10
294,305,10
294,305,10
294,305,10
294,305,10
294,305,10
294,305,10
294,309,10
294,309,10
294,309,10
294,309,10
294,309,10
294,309,10
294,309,10
294,295,10
294,295,10
294,295,10
294,295,10
294,295,10
294,295,10
294,295,10
294,295,10
294,295,10
294,295,10
294,295,10
294,295,10
294,295,10
294,295,10
294,295,10
294,295,10
294,295,10
294,295,10
294,295,10
294,295,10
294,295,10
294,279,10
294,279,10
294,279,10
294,279,10
294,279,10
294,279,10
294,279,10
294,279,10
294,279,10
294,279,10
294,279,10
294,279,10
294,279,10
294,279,10
294,279,10
294,287,10
294,287,10
294,287,10
294,287,10
294,287,10
294,287,10
294,287,10
294,287,10
294,287,10
294,287,10
294,287,10
294,287,10
294,287,10
294,287,10
294,287,10
294,287,10
294,287,10
294,283,10
294,283,10
294,283,10
294,283,10
294,283,10
294,283,10
294,283,10
294,283,10
294,283,10
294,283,10
294,283,10
294,283,10
294,283,10
294,283,10
294,283,10
294,283,10
294,283,10
294,283,10
294,283,10
294,283,10
294,283,10
294,283,10
294,283,10
294,283,10
294,283,10
294,283,10
294,283,10
294,283,10
294,283,10
294,283,10
294,318,10
294,318,10
294,318,10
294,318,10
294,318,10
294,318,10
294,318,10
294,318,10
294,318,10
294,318,10
294,318,10
294,318,10
294,318,10
294,288,10
294,288,10
294,288,10
294,288,10
294,288,10
294,288,10
294,288,10
294,288,10
294,288,10
294,288,10
294,288,10
294,288,10
294,288,10
294,288,10
294,288,10
294,301,10
294,301,10
294,301,10
294,301,10
294,301,10
294,301,10
294,301,10
294,301,10
294,292,10
294,292,10
294,292,10
294,292,10
294,292,10
294,292,10
294,303,10
294,303,10
294,303,10
294,303,10
294,303,10
294,303,10
294,303,10
294,303,10
294,303,10
294,303,10
294,303,10
294,303,10
294,303,10
294,303,10
294,303,10
294,303,10
294,303,10
294,303,10
294,303,10
294,303,10
294,303,10
294,303,10
294,303,10
294,286,10
294,286,10
294,286,10
294,286,10
294,286,10
294,286,10
294,286,10
294,280,10
294,280,10
294,280,10
294,280,10
294,280,10
294,280,10
294,280,10
294,280,10
294,280,10
294,280,10
294,280,10
294,280,10
294,280,10
294,280,10
294,280,10
294,280,10
294,280,10
294,280,10
294,280,10
294,280,10
294,280,10
294,280,10
294,280,10
294,280,10
294,280,10
294,280,10
294,280,10
294,280,10
294,280,10
294,280,10
294,280,10
294,280,10
294,280,10
294,280,10
294,280,10
294,280,10
294,280,10
294,280,10
294,280,10
294,280,10
294,280,10
294,299,10
294,299,10
294,299,10
294,299,10
249,252,10
249,252,10
249,252,10
249,252,10
249,252,10
249,252,10
249,252,10
249,252,10
249,252,10
249,252,10
249,252,10
249,252,10
249,252,10
249,243,10
249,243,10
249,243,10
249,243,10
249,243,10
249,243,10
249,243,10
249,243,10
249,243,10
249,243,10
249,243,10
249,243,10
249,243,10
249,243,10
249,243,10
249,243,10
249,243,10
249,243,10
249,243,10
249,254,10
249,254,10
249,254,10
249,254,10
249,254,10
249,254,10
249,254,10
249,254,10
249,254,10
249,254,10
249,256,10
249,256,10
249,256,10
249,256,10
249,256,10
249,256,10
249,256,10
249,256,10
249,256,10
249,256,10
249,256,10
249,266,10
249,266,10
249,266,10
249,266,10
249,266,10
249,266,10
249,266,10
249,266,10
249,266,10
249,266,10
249,266,10
249,266,10
249,266,10
249,266,10
249,266,10
249,266,10
249,266,10
249,266,10
249,266,10
249,266,10
249,266,10
249,266,10
249,266,10
249,247,10
249,247,10
249,247,10
249,247,10
249,247,10
249,247,10
249,247,10
249,247,10
249,247,10
249,247,10
249,247,10
249,247,10
249,247,10
249,247,10
249,247,10
249,247,10
249,247,10
249,228,10
249,228,10
249,228,10
249,228,10
249,228,10
249,228,10
249,228,10
249,228,10
249,228,10
249,228,10
249,241,10
249,241,10
249,241,10
249,241,10
249,241,10
249,241,10
249,241,10
249,241,10
249,241,10
249,241,10
249,241,10
249,241,10
249,241,10
249,241,10
249,241,10
249,241,10
249,241,10
249,241,10
249,241,10
249,241,10
249,241,10
249,241,10
249,241,10
249,241,10
249,241,10
249,241,10
249,241,10
249,241,10
249,241,10
249,241,10
249,241,10
249,241,10
249,241,10
249,241,10
249,241,10
249,241,10
249,241,10
249,241,10
249,241,10
249,241,10
249,241,10
249,241,10
249,241,10
249,241,10
249,241,10
249,241,10
249,263,10
249,263,10
249,263,10
249,263,10
249,263,10
249,263,10
249,263,10
249,263,10
249,263,10
249,263,10
249,263,10
249,263,10
249,263,10
249,263,10
249,263,10
249,263,10
249,263,10
249,263,10
249,263,10
249,263,10
249,263,10
249,263,10
249,263,10
249,263,10
249,263,10
249,263,10
249,263,10
249,263,10
249,263,10
249,263,10
249,263,10
249,263,10
249,263,10
249,263,10
249,263,10
249,263,10
249,263,10
249,263,10
249,263,10
249,263,10
249,263,10
249,263,10
249,263,10
249,263,10
249,263,10
249,263,10
249,263,10
249,263,10
249,263,10
249,263,10
249,263,10
249,263,10
249,263,10
249,238,10
249,238,10
249,238,10
249,238,10
249,238,10
249,238,10
249,238,10
249,238,10
249,238,10
249,238,10
249,238,10
249,259,10
249,259,10
249,259,10
249,259,10
249,259,10
249,259,10
249,259,10
249,259,10
249,259,10
249,259,10
249,259,10
249,259,10
249,259,10
249,259,10
249,259,10
249,259,10
249,259,10
249,259,10
249,259,10
249,259,10
249,259,10
249,259,10
249,259,10
249,259,10
249,259,10
249,259,10
249,259,10
249,259,10
249,259,10
249,259,10
249,259,10
249,259,10
249,259,10
249,259,10
249,259,10
249,259,10
249,259,10
249,250,10
249,250,10
249,250,10
249,250,10
249,250,10
249,250,10
249,250,10
249,250,10
249,250,10
249,250,10
249,263,10
249,263,10
249,263,10
249,263,10
249,263,10
249,263,10
249,263,10
249,263,10
249,263,10
249,263,10
249,263,10
249,263,10
249,263,10
249,263,10
249,229,10
249,229,10
249,229,10
249,229,10
249,229,10
249,229,10
249,229,10
249,229,10
249,229,10
249,229,10
249,229,10
249,229,10
249,229,10
249,229,10
249,229,10
249,229,10
249,229,10
249,229,10
249,229,10
249,229,10
249,247,10
249,247,10
249,247,10
249,247,10
249,247,10
249,247,10
249,247,10
249,247,10
249,247,10
249,247,10
249,247,10
249,247,10
249,247,10
249,247,10
249,247,10
249,247,10
249,247,10
249,247,10
249,247,10
249,247,10
249,247,10
249,247,10
249,247,10
249,247,10
249,247,10
249,247,10
249,247,10
249,247,10
249,247,10
249,247,10
249,247,10
249,247,10
249,247,10
249,237,10
249,237,10
249,237,10
249,237,10
249,237,10
249,237,10
249,237,10
249,237,10
249,237,10
249,237,10
249,237,10
249,237,10
249,237,10
249,237,10
249,237,10
249,237,10
249,237,10
249,237,10
249,237,10
249,237,10
249,237,10
249,278,10
249,278,10
249,278,10
249,278,10
249,278,10
249,278,10
249,278,10
249,278,10
249,278,10
249,278,10
249,278,10
249,257,10
249,257,10
249,257,10
249,257,10
249,257,10
249,257,10
249,257,10
249,257,10
249,257,10
249,257,10
249,257,10
249,257,10
249,257,10
249,257,10
249,257,10
249,257,10
249,257,10
249,257,10
249,257,10
264,248,10
264,248,10
264,248,10
264,248,10
264,248,10
264,248,10
264,248,10
264,248,10
264,248,10
264,248,10
264,248,10
264,248,10
264,248,10
264,248,10
264,248,10
264,248,10
264,248,10
264,248,10
264,248,10
264,248,10
264,248,10
264,248,10
264,248,10
264,248,10
264,248,10
264,248,10
264,248,10
264,248,10
264,248,10
264,248,10
264,248,10
264,248,10
264,248,10
264,248,10
264,248,10
264,248,10
264,248,10
264,248,10
264,248,10
264,248,10
264,248,10
264,248,10
264,248,10
264,248,10
264,269,10
264,269,10
264,269,10
264,269,10
264,269,10
264,269,10
264,269,10
264,269,10
264,269,10
264,269,10
264,269,10
264,269,10
264,269,10
264,269,10
264,269,10
264,269,10
264,269,10
264,267,10
264,267,10
264,267,10
264,267,10
264,267,10
264,267,10
264,267,10
264,267,10
264,267,10
264,267,10
264,267,10
264,267,10
264,267,10
264,267,10
264,267,10
264,267,10
264,267,10
264,267,10
264,267,10
264,267,10
264,267,10
264,267,10
264,267,10
264,267,10
264,264,10
264,264,10
264,264,10
264,264,10
264,264,10
264,264,10
264,264,10
264,264,10
264,264,10
264,264,10
264,264,10
264,264,10
264,264,10
264,264,10
264,264,10
264,251,10
264,251,10
264,251,10
264,251,10
264,251,10
264,251,10
264,251,10
264,251,10
264,251,10
264,251,10
264,251,10
264,251,10
264,251,10
264,251,10
264,251,10
264,251,10
264,251,10
264,251,10
264,251,10
264,251,10
264,251,10
264,251,10
264,251,10
264,251,10
264,251,10
264,251,10
264,251,10
264,251,10
264,251,10
264,251,10
264,251,10
264,275,10
264,275,10
264,275,10
264,275,10
264,275,10
264,275,10
264,275,10
264,275,10
264,275,10
264,275,10
264,275,10
264,275,10
264,275,10
264,275,10
264,275,10
264,275,10
264,275,10
264,275,10
264,275,10
264,275,10
264,275,10
264,275,10
264,275,10
264,275,10
264,268,10
264,268,10
264,268,10
264,268,10
264,268,10
264,268,10
264,268,10
264,268,10
264,268,10
264,268,10
264,268,10
264,268,10
264,268,10
264,268,10
264,268,10
264,268,10
264,268,10
264,268,10
264,268,10
264,268,10
264,268,10
264,268,10
264,268,10
264,268,10
264,268,10
264,268,10
264,268,10
234,227,10
234,227,10
234,227,10
234,227,10
234,227,10
234,227,10
234,227,10
234,227,10
234,227,10
234,227,10
234,227,10
234,227,10
234,227,10
234,227,10
234,227,10
234,227,10
234,227,10
234,227,10
234,227,10
234,248,10
234,248,10
234,248,10
234,248,10
234,248,10
234,248,10
234,248,10
234,248,10
234,248,10
234,248,10
234,248,10
234,248,10
234,232,10
234,232,10
234,232,10
234,232,10
234,232,10
234,232,10
234,232,10
234,232,10
234,232,10
234,232,10
234,232,10
234,232,10
234,232,10
234,232,10
234,232,10
234,232,10
234,228,10
234,228,10
234,228,10
234,228,10
234,228,10
234,228,10
234,228,10
234,228,10
234,228,10
234,228,10
234,228,10
234,228,10
234,228,10
234,228,10
234,228,10
234,228,10
234,228,10
234,228,10
234,228,10
234,228,10
234,228,10
234,228,10
234,228,10
234,228,10
234,228,10
234,228,10
234,228,10
234,228,10
234,228,10
234,228,10
234,228,10
234,228,10
234,228,10
234,228,10
234,228,10
234,228,10
234,228,10
234,228,10
234,228,10
234,228,10
234,228,10
234,228,10
234,228,10
234,228,10
234,228,10
234,228,10
234,231,10
234,231,10
234,231,10
234,231,10
234,231,10
234,231,10
234,231,10
234,231,10
234,231,10
234,231,10
234,231,10
234,231,10
234,231,10
234,231,10
234,231,10
234,231,10
234,231,10
234,231,10
234,231,10
234,231,10
234,231,10
234,231,10
234,231,10
234,231,10
234,231,10
234,231,10
234,226,10
234,226,10
234,226,10
234,226,10
234,226,10
234,226,10
234,226,10
234,226,10
234,226,10
234,226,10
234,226,10
234,226,10
234,226,10
234,226,10
234,226,10
234,226,10
234,226,10
234,226,10
234,226,10
234,226,10
234,226,10
234,226,10
234,226,10
234,226,10
234,226,10
234,226,10
234,226,10
234,226,10
234,226,10
234,226,10
234,226,10
234,226,10
234,226,10
234,226,10
234,226,10
234,226,10
234,226,10
234,226,10
234,223,10
234,223,10
234,223,10
234,223,10
234,223,10
234,223,10
234,223,10
234,223,10
234,223,10
234,223,10
234,223,10
234,223,10
234,223,10
234,223,10
234,223,10
234,223,10
234,223,10
234,223,10
234,223,10
234,223,10
234,223,10
234,223,10
234,223,10
234,223,10
234,223,10
234,223,10
234,223,10
234,223,10
234,223,10
234,223,10
234,259,10
234,259,10
234,259,10
234,259,10
234,259,10
234,259,10
234,259,10
234,259,10
234,259,10
234,259,10
234,259,10
234,259,10
234,259,10
234,259,10
234,259,10
234,259,10
234,259,10
234,259,10
234,259,10
234,259,10
234,259,10
234,259,10
234,259,10
234,259,10
234,259,10
234,259,10
234,251,10
234,251,10
234,251,10
234,251,10
234,251,10
234,251,10
234,251,10
234,251,10
234,251,10
234,251,10
234,251,10
234,251,10
234,251,10
234,251,10
234,251,10
234,251,10
234,237,10
234,237,10
234,237,10
234,237,10
234,237,10
234,237,10
234,237,10
234,237,10
234,237,10
234,237,10
234,237,10
234,237,10
234,237,10
234,237,10
234,237,10
234,237,10
234,237,10
234,237,10
234,237,10
234,237,10
234,237,10
234,237,10
234,237,10
234,237,10
234,237,10
234,237,10
234,237,10
234,237,10
234,237,10
234,237,10
234,237,10
234,237,10
234,237,10
234,237,10
234,237,10
234,237,10
234,237,10
234,237,10
234,237,10
234,237,10
234,237,10
234,237,10
234,237,10
234,237,10
234,237,10
234,237,10
234,237,10
234,237,10
234,237,10
234,237,10
234,237,10
234,237,10
234,237,10
234,237,10
234,221,10
234,221,10
234,221,10
234,221,10
234,221,10
234,221,10
234,221,10
234,221,10
234,221,10
234,221,10
234,221,10
234,221,10
234,221,10
234,225,10
234,225,10
234,225,10
234,225,10
234,225,10
234,225,10
234,225,10
234,225,10
234,225,10
234,225,10
234,225,10
234,225,10
234,225,10
234,232,10
234,232,10
234,232,10
234,232,10
234,232,10
234,232,10
234,232,10
234,232,10
234,232,10
234,232,10
234,232,10
234,232,10
234,232,10
234,232,10
234,232,10
234,232,10
234,232,10
234,232,10
234,232,10
234,232,10
234,242,10
234,242,10
279,296,10
279,296,10
279,296,10
279,296,10
279,296,10
279,296,10
279,296,10
279,296,10
279,296,10
279,296,10
279,296,10
279,296,10
279,296,10
279,296,10
279,296,10
279,296,10
279,296,10
279,296,10
279,296,10
279,296,10
279,296,10
279,296,10
279,296,10
279,296,10
279,296,10
279,296,10
279,296,10
279,296,10
279,296,10
279,296,10
279,296,10
279,296,10
279,296,10
279,296,10
279,296,10
279,296,10
279,296,10
279,296,10
279,296,10
279,296,10
279,296,10
279,296,10
279,296,10
279,296,10
279,296,10
279,296,10
279,296,10
279,296,10
279,296,10
279,296,10
279,296,10
279,296,10
279,296,10
279,296,10
279,296,10
279,296,10
279,296,10
279,270,10
279,270,10
279,270,10
279,270,10
279,270,10
279,270,10
279,270,10
279,270,10
279,270,10
279,270,10
279,270,10
279,270,10
279,270,10
279,270,10
279,270,10
279,270,10
279,270,10
279,270,10
279,270,10
279,270,10
279,270,10
279,270,10
279,270,10
279,270,10
279,270,10
279,270,10
279,270,10
279,270,10
279,270,10
279,270,10
279,270,10
279,270,10
279,274,10
279,274,10
279,274,10
279,274,10
279,274,10
279,274,10
279,274,10
279,274,10
279,272,10
279,272,10
279,272,10
279,272,10
279,272,10
279,272,10
279,267,10
279,267,10
279,267,10
279,267,10
279,267,10
279,267,10
279,267,10
279,267,10
279,277,10
279,277,10
279,277,10
279,277,10
279,277,10
279,277,10
279,277,10
279,277,10
279,277,10
279,277,10
279,277,10
279,277,10
279,277,10
279,277,10
279,276,10
279,276,10
279,276,10
279,276,10
279,276,10
279,276,10
279,276,10
279,276,10
279,276,10
279,276,10
279,276,10
279,294,10
279,294,10
279,294,10
279,294,10
279,294,10
279,294,10
279,294,10
279,294,10
279,294,10
279,294,10
279,294,10
279,294,10
279,294,10
279,294,10
279,294,10
279,294,10
279,294,10
279,294,10
279,294,10
279,294,10
279,294,10
279,294,10
279,277,10
279,277,10
279,277,10
279,277,10
279,277,10
279,277,10
279,277,10
279,277,10
279,277,10
279,277,10
279,277,10
279,277,10
279,277,10
279,277,10
279,277,10
279,277,10
279,277,10
279,277,10
279,277,10
279,277,10
279,277,10
279,277,10
279,277,10
279,277,10
279,277,10
279,277,10
279,277,10
279,277,10
279,277,10
279,277,10
279,268,10
279,268,10
279,268,10
279,268,10
279,268,10
279,268,10
279,268,10
279,295,10
279,295,10
279,295,10
279,295,10
279,295,10
279,295,10
279,295,10
279,295,10
279,295,10
279,295,10
279,295,10
279,295,10
279,295,10
279,295,10
279,295,10
279,295,10
279,295,10
279,295,10
279,295,10
279,295,10
279,295,10
279,295,10
279,295,10
279,295,10
279,295,10
279,295,10
279,295,10
279,295,10
279,295,10
279,295,10
279,295,10
279,291,10
279,291,10
279,291,10
279,291,10
279,291,10
279,291,10
279,291,10
279,291,10
279,291,10
279,291,10
279,291,10
279,291,10
279,291,10
279,291,10
279,291,10
279,291,10
279,291,10
279,291,10
279,277,10
279,277,10
279,277,10
279,277,10
279,277,10
279,277,10
279,277,10
279,277,10
279,264,10
279,264,10
279,264,10
279,264,10
279,264,10
279,264,10
279,264,10
279,264,10
279,264,10
279,264,10
279,264,10
279,264,10
279,264,10
279,264,10
279,264,10
279,264,10
279,264,10
279,264,10
279,264,10
279,264,10
279,264,10
279,264,10
279,264,10
279,264,10
279,264,10
279,264,10
279,264,10
279,264,10
279,264,10
279,264,10
279,264,10
279,264,10
279,264,10
279,264,10
279,264,10
279,264,10
279,264,10
279,264,10
279,264,10
279,264,10
279,264,10
279,264,10
279,264,10
279,264,10
279,264,10
279,275,10
279,275,10
279,275,10
279,275,10
279,275,10
279,275,10
279,275,10
279,275,10
279,275,10
279,275,10
279,275,10
279,275,10
279,275,10
279,277,10
279,277,10
279,277,10
279,277,10
279,277,10
279,277,10
279,277,10
279,277,10
279,277,10
279,277,10
279,277,10
279,277,10
279,277,10
279,277,10
279,277,10
279,282,10
279,282,10
279,282,10
279,282,10
279,282,10
279,282,10
279,282,10
279,282,10
279,282,10
279,282,10
279,282,10
279,282,10
279,282,10
279,282,10
279,282,10
279,276,10
279,276,10
279,276,10
279,276,10
279,276,10
279,276,10
279,276,10
279,276,10
279,276,10
279,276,10
279,276,10
279,276,10
279,276,10
279,276,10
279,276,10
279,276,10
279,276,10
279,276,10
279,276,10
279,276,10
279,276,10
279,283,10
279,283,10
279,283,10
279,283,10
279,283,10
279,283,10
279,283,10
279,283,10
279,283,10
279,283,10
279,283,10
279,283,10
279,283,10
279,283,10
279,283,10
279,283,10
279,283,10
279,283,10
279,283,10
279,283,10
279,283,10
279,283,10
279,283,10
279,283,10
279,266,10
279,266,10
279,266,10
279,266,10
279,266,10
279,266,10
279,266,10
279,266,10
279,270,10
279,270,10
279,270,10
279,270,10
279,270,10
279,270,10
279,270,10
279,270,10
279,270,10
279,270,10
279,270,10
279,270,10
279,270,10
279,270,10
279,270,10
279,270,10
279,270,10
279,272,10
279,272,10
279,272,10
279,272,10
279,272,10
279,272,10
279,272,10
279,272,10
279,272,10
279,272,10
279,272,10
279,274,10
279,274,10
279,274,10
279,274,10
279,274,10
279,274,10
279,274,10
279,274,10
279,274,10
279,274,10
279,274,10
279,274,10
279,274,10
279,274,10
279,274,10
279,274,10
279,274,10
279,274,10
279,274,10
279,276,10
279,276,10
279,276,10
279,276,10
279,276,10
279,276,10
279,276,10
279,276,10
279,276,10
279,276,10
279,276,10
279,279,10
279,279,10
279,279,10
279,279,10
279,279,10
279,279,10
279,279,10
279,279,10
279,279,10
279,249,10
279,249,10
279,249,10
279,249,10
279,249,10
279,249,10
279,249,10
279,249,10
279,249,10
279,249,10
279,274,10
279,274,10
279,274,10
279,274,10
279,274,10
279,274,10
279,274,10
279,274,10
279,274,10
279,274,10
279,274,10
279,274,10
279,274,10
279,274,10
279,274,10
279,274,10
279,274,10
279,274,10
279,274,10
279,274,10
279,274,10
279,274,10
279,274,10
279,274,10
279,274,10
279,274,10
279,274,10
279,274,10
279,291,10
279,291,10
279,291,10
279,291,10
279,291,10
279,291,10
279,291,10
279,291,10
279,291,10
279,291,10
279,291,10
279,291,10
279,291,10
279,291,10
279,291,10
279,291,10
279,291,10
279,291,10
279,291,10
279,291,10
279,291,10
279,291,10
279,268,10
279,268,10
279,268,10
279,268,10
279,268,10
279,268,10
279,268,10
279,268,10
279,268,10
279,268,10
279,268,10
279,268,10
279,268,10
279,268,10
279,288,10
279,288,10
279,288,10
279,288,10
279,288,10
279,288,10
279,288,10
279,288,10
279,288,10
279,288,10
279,288,10
279,288,10
279,288,10
279,288,10
279,288,10
234,227,10
234,227,10
234,227,10
234,227,10
234,227,10
234,227,10
234,246,10
234,246,10
234,246,10
234,246,10
234,246,10
234,246,10
234,246,10
234,246,10
234,246,10
234,246,10
234,246,10
234,246,10
234,246,10
234,218,10
234,218,10
234,218,10
234,218,10
234,218,10
234,218,10
234,218,10
234,218,10
234,218,10
234,218,10
234,234,10
234,234,10
234,234,10
234,234,10
234,234,10
234,234,10
234,234,10
234,234,10
234,234,10
234,234,10
234,234,10
234,234,10
234,234,10
234,234,10
234,234,10
234,234,10
234,234,10
234,234,10
234,234,10
234,234,10
234,234,10
234,234,10
234,234,10
234,234,10
234,234,10
234,234,10
234,215,10
234,215,10
234,215,10
234,215,10
234,215,10
234,215,10
234,215,10
234,215,10
234,215,10
234,215,10
234,215,10
234,215,10
234,215,10
234,215,10
234,244,10
234,244,10
234,244,10
234,244,10
234,244,10
234,244,10
234,244,10
234,244,10
234,244,10
234,244,10
234,244,10
234,243,10
234,243,10
234,243,10
234,243,10
234,243,10
234,243,10
234,243,10
234,243,10
234,243,10
234,243,10
234,243,10
234,243,10
234,234,10
234,234,10
234,234,10
234,234,10
234,234,10
234,234,10
234,234,10
234,234,10
234,234,10
234,234,10
234,234,10
234,234,10
234,234,10
234,234,10
234,234,10
234,234,10
234,234,10
234,234,10
234,234,10
234,234,10
234,234,10
234,234,10
234,234,10
234,234,10
234,234,10
234,234,10
234,233,10
234,233,10
234,233,10
234,233,10
234,233,10
234,233,10
234,233,10
234,233,10
234,233,10
234,233,10
234,233,10
234,233,10
234,233,10
234,209,10
234,209,10
234,209,10
234,209,10
234,209,10
234,209,10
234,209,10
234,209,10
234,240,10
234,240,10
234,240,10
234,240,10
234,240,10
234,240,10
234,240,10
234,212,10
234,212,10
234,212,10
234,212,10
234,212,10
234,212,10
234,212,10
234,212,10
234,212,10
234,212,10
234,212,10
234,212,10
234,212,10
234,212,10
234,212,10
234,212,10
234,212,10
234,211,10
234,211,10
234,211,10
234,211,10
234,211,10
234,211,10
234,211,10
234,211,10
234,211,10
234,211,10
234,211,10
234,211,10
234,211,10
234,211,10
234,211,10
234,211,10
234,211,10
234,211,10
234,235,10
234,235,10
234,235,10
234,235,10
234,235,10
234,235,10
234,235,10
234,235,10
234,235,10
234,235,10
234,235,10
234,235,10
234,235,10
234,235,10
234,235,10
234,235,10
234,235,10
234,235,10
234,235,10
234,235,10
234,235,10
234,235,10
234,235,10
234,235,10
234,235,10
234,235,10
234,235,10
234,235,10
234,235,10
234,235,10
234,235,10
234,235,10
234,235,10
234,235,10
234,235,10
234,235,10
234,235,10
234,235,10
234,235,10
234,235,10
234,235,10
234,235,10
234,235,10
234,235,10
234,235,10
234,235,10
234,235,10
234,235,10
234,235,10
234,235,10
234,235,10
234,235,10
234,235,10
234,235,10
234,235,10
234,235,10
234,235,10
234,235,10
234,235,10
234,225,10
234,225,10
234,225,10
234,225,10
234,225,10
234,225,10
234,225,10
234,225,10
234,225,10
234,225,10
234,225,10
234,225,10
234,225,10
234,225,10
234,225,10
234,225,10
234,225,10
234,225,10
234,225,10
234,225,10
234,225,10
234,225,10
234,225,10
234,225,10
234,225,10
234,225,10
234,225,10
234,225,10
234,225,10
234,225,10
234,225,10
234,225,10
234,225,10
234,225,10
234,225,10
234,225,10
234,225,10
234,225,10
234,225,10
234,225,10
234,225,10
234,225,10
234,238,10
234,238,10
234,238,10
234,238,10
234,238,10
234,238,10
234,238,10
234,238,10
234,238,10
234,238,10
234,238,10
234,238,10
234,238,10
234,238,10
234,238,10
234,238,10
234,238,10
234,238,10
234,238,10
234,238,10
234,238,10
234,238,10
234,238,10
234,238,10
234,241,10
234,241,10
234,241,10
234,241,10
234,241,10
234,241,10
234,241,10
234,241,10
234,241,10
234,241,10
234,241,10
234,241,10
234,241,10
234,241,10
234,241,10
234,241,10
234,241,10
234,241,10
234,241,10
234,241,10
234,243,10
234,243,10
234,243,10
234,243,10
234,243,10
234,243,10
234,243,10
234,227,10
234,227,10
234,227,10
234,227,10
234,227,10
234,227,10
234,227,10
234,227,10
234,227,10
234,227,10
234,227,10
234,227,10
234,227,10
234,227,10
234,227,10
234,227,10
234,227,10
234,227,10
234,227,10
234,227,10
234,227,10
234,227,10
234,227,10
234,227,10
234,227,10
234,227,10
234,227,10
234,227,10
234,227,10
234,227,10
234,227,10
234,227,10
234,227,10
234,227,10
234,227,10
234,227,10
234,238,10
234,238,10
234,238,10
234,238,10
234,238,10
234,238,10
234,235,10
234,235,10
234,235,10
234,235,10
234,235,10
234,235,10
234,235,10
234,235,10
234,235,10
234,235,10
234,235,10
234,235,10
234,235,10
234,235,10
234,235,10
234,235,10
234,235,10
234,235,10
234,235,10
234,235,10
234,235,10
234,235,10
234,235,10
234,235,10
234,235,10
234,235,10
234,235,10
234,235,10
234,235,10
234,235,10
234,235,10
234,235,10
234,235,10
234,235,10
234,235,10
234,235,10
234,235,10
234,235,10
234,235,10
234,235,10
234,242,10
234,242,10
234,242,10
234,242,10
234,242,10
234,242,10
234,242,10
234,242,10
234,239,10
234,239,10
234,239,10
234,239,10
234,239,10
234,239,10
234,239,10
234,239,10
234,239,10
234,239,10
234,239,10
234,239,10
234,239,10
234,243,10
234,243,10
234,243,10
234,243,10
234,243,10
234,243,10
234,233,10
234,233,10
234,233,10
234,233,10
234,233,10
234,233,10
234,233,10
234,233,10
234,233,10
234,233,10
234,233,10
234,233,10
234,233,10
234,233,10
234,233,10
234,233,10
234,233,10
234,233,10
234,233,10
234,233,10
234,233,10
234,233,10
234,233,10
234,233,10
234,233,10
234,233,10
234,244,10
234,244,10
234,244,10
234,244,10
234,244,10
234,244,10
234,244,10
234,244,10
234,244,10
234,244,10
234,244,10
234,244,10
234,244,10
234,244,10
234,244,10
234,244,10
234,244,10
234,244,10
234,244,10
234,244,10
234,244,10
234,244,10
234,244,10
234,244,10
234,244,10
234,244,10
234,244,10
234,244,10
234,244,10
234,213,10
234,213,10
234,213,10
234,213,10
234,213,10
234,213,10
234,213,10
234,213,10
234,213,10
234,213,10
234,213,10
234,213,10
234,229,10
234,229,10
234,229,10
234,229,10
234,229,10
234,229,10
234,229,10
234,229,10
234,229,10
234,229,10
234,229,10
234,229,10
234,229,10
234,221,10
234,221,10
234,221,10
234,221,10
234,221,10
234,221,10
234,221,10
234,221,10
234,221,10
234,230,10
234,230,10
234,230,10
234,230,10
234,230,10
234,230,10
234,230,10
234,230,10
234,230,10
234,240,10
234,240,10
234,240,10
234,240,10
234,240,10
234,240,10
234,240,10
234,240,10
234,240,10
234,240,10
234,242,10
234,242,10
234,242,10
234,242,10
234,242,10
234,242,10
234,242,10
234,242,10
234,242,10
234,242,10
234,242,10
234,242,10
234,242,10
234,242,10
234,242,10
234,242,10
234,242,10
234,242,10
234,242,10
234,242,10
234,242,10
234,242,10
234,242,10
279,301,10
279,301,10
279,301,10
279,301,10
279,301,10
279,301,10
279,301,10
279,301,10
279,301,10
279,301,10
279,301,10
279,301,10
279,301,10
279,301,10
279,301,10
279,301,10
279,301,10
279,301,10
279,301,10
279,301,10
279,301,10
279,301,10
279,301,10
279,301,10
279,301,10
279,301,10
279,301,10
279,301,10
279,301,10
279,301,10
279,301,10
279,301,10
279,301,10
279,301,10
279,301,10
279,301,10
279,301,10
279,301,10
279,301,10
279,301,10
279,301,10
279,301,10
279,301,10
279,301,10
279,301,10
279,301,10
279,301,10
279,301,10
279,301,10
279,301,10
279,301,10
279,290,10
279,290,10
279,290,10
279,290,10
279,290,10
279,290,10
279,290,10
279,290,10
279,290,10
279,290,10
279,290,10
279,290,10
279,290,10
279,290,10
279,290,10
279,290,10
279,290,10
279,254,10
279,254,10
279,254,10
279,254,10
279,254,10
279,254,10
279,254,10
279,254,10
279,254,10
279,254,10
279,254,10
279,254,10
279,283,10
279,283,10
279,283,10
279,283,10
279,283,10
279,283,10
279,283,10
279,283,10
279,283,10
279,283,10
279,283,10
279,283,10
279,283,10
279,283,10
279,283,10
279,283,10
279,265,10
279,265,10
279,265,10
279,265,10
279,265,10
279,265,10
279,265,10
279,265,10
279,276,10
279,276,10
279,276,10
279,276,10
279,276,10
279,276,10
279,276,10
279,276,10
279,281,10
279,281,10
279,281,10
279,281,10
279,281,10
279,281,10
279,281,10
279,281,10
279,281,10
279,281,10
279,281,10
279,281,10
279,281,10
279,281,10
279,281,10
279,281,10
279,281,10
279,281,10
279,281,10
279,281,10
279,281,10
279,281,10
279,286,10
279,286,10
279,286,10
279,286,10
279,286,10
279,286,10
279,286,10
279,286,10
279,286,10
279,286,10
279,286,10
279,286,10
279,286,10
279,286,10
279,286,10
279,276,10
279,276,10
279,276,10
279,276,10
279,276,10
279,276,10
279,276,10
279,276,10
279,276,10
279,276,10
279,276,10
279,276,10
279,276,10
279,276,10
279,276,10
279,276,10
279,276,10
279,276,10
279,276,10
279,276,10
279,276,10
279,276,10
279,276,10
279,276,10
279,276,10
279,276,10
279,276,10
279,276,10
279,276,10
279,276,10
279,276,10
279,276,10
279,295,10
279,295,10
279,295,10
279,295,10
279,295,10
279,295,10
279,295,10
279,295,10
279,295,10
279,295,10
279,295,10
279,295,10
279,295,10
279,295,10
279,295,10
279,295,10
279,295,10
279,295,10
279,295,10
279,295,10
279,295,10
279,295,10
279,295,10
279,295,10
279,295,10
279,295,10
279,295,10
279,295,10
279,295,10
279,295,10
279,295,10
279,295,10
279,295,10
279,295,10
279,295,10
279,295,10
279,295,10
279,295,10
279,295,10
279,295,10
279,274,10
279,274,10
279,274,10
279,274,10
279,274,10
279,274,10
279,274,10
279,274,10
279,274,10
279,274,10
279,274,10
279,274,10
279,274,10
279,274,10
279,274,10
279,274,10
279,274,10
279,274,10
279,282,10
279,282,10
279,282,10
279,282,10
279,282,10
279,282,10
279,282,10
279,282,10
279,282,10
279,282,10
279,282,10
279,282,10
279,282,10
279,282,10
279,282,10
279,282,10
279,282,10
279,282,10
279,282,10
279,282,10
279,282,10
279,282,10
279,282,10
279,282,10
279,282,10
279,282,10
279,282,10
279,282,10
279,282,10
279,286,10
279,286,10
279,286,10
279,286,10
279,286,10
279,286,10
279,286,10
279,286,10
279,286,10
279,286,10
279,286,10
279,286,10
279,286,10
279,280,10
279,280,10
279,280,10
279,280,10
279,280,10
279,280,10
279,280,10
279,280,10
279,280,10
279,280,10
279,280,10
279,280,10
279,280,10
309,308,10
309,308,10
309,308,10
309,308,10
309,308,10
309,308,10
309,294,10
309,294,10
309,294,10
309,294,10
309,294,10
309,294,10
309,294,10
309,311,10
309,311,10
309,311,10
309,311,10
309,311,10
309,311,10
309,311,10
309,311,10
309,311,10
309,311,10
309,311,10
309,311,10
309,311,10
309,311,10
309,311,10
309,311,10
309,311,10
309,311,10
309,311,10
309,311,10
309,311,10
309,311,10
309,311,10
309,311,10
309,311,10
309,311,10
309,311,10
309,311,10
309,311,10
309,311,10
309,311,10
309,301,10
309,301,10
309,301,10
309,301,10
309,301,10
309,301,10
309,301,10
309,301,10
309,301,10
309,301,10
309,301,10
309,301,10
309,301,10
309,301,10
309,301,10
309,301,10
309,301,10
309,301,10
309,301,10
309,301,10
309,301,10
309,301,10
309,301,10
309,301,10
309,301,10
309,301,10
309,301,10
309,301,10
309,301,10
309,301,10
309,301,10
309,301,10
309,301,10
309,301,10
309,301,10
309,301,10
309,301,10
309,308,10
309,308,10
309,308,10
309,308,10
309,308,10
309,308,10
309,308,10
309,308,10
309,308,10
309,308,10
309,308,10
309,308,10
309,308,10
309,308,10
309,308,10
309,308,10
309,308,10
309,308,10
309,308,10
309,308,10
309,308,10
309,308,10
309,308,10
309,308,10
309,308,10
309,308,10
309,308,10
309,308,10
309,308,10
309,308,10
309,308,10
309,308,10
309,312,10
309,312,10
309,312,10
309,312,10
309,312,10
309,312,10
309,312,10
309,312,10
309,312,10
309,312,10
309,300,10
309,300,10
309,300,10
309,300,10
309,300,10
309,300,10
309,300,10
309,306,10
309,306,10
309,306,10
309,306,10
309,306,10
309,306,10
309,306,10
309,306,10
309,306,10
309,306,10
309,306,10
309,306,10
309,306,10
309,306,10
309,306,10
309,306,10
309,306,10
309,306,10
309,306,10
309,306,10
309,306,10
309,306,10
309,306,10
309,306,10
309,306,10
309,306,10
309,306,10
309,306,10
309,306,10
309,306,10
309,313,10
309,313,10
309,313,10
309,313,10
309,313,10
309,313,10
309,313,10
309,313,10
309,313,10
309,313,10
309,313,10
309,313,10
309,313,10
309,313,10
309,313,10
309,313,10
309,313,10
309,313,10
309,291,10
309,291,10
309,291,10
309,291,10
309,291,10
309,291,10
309,291,10
309,291,10
309,291,10
309,291,10
309,291,10
309,291,10
309,291,10
309,291,10
309,319,10
309,319,10
309,319,10
309,319,10
309,319,10
309,319,10
309,319,10
309,319,10
309,319,10
309,319,10
309,319,10
309,319,10
309,319,10
309,319,10
309,319,10
309,319,10
309,319,10
309,319,10
309,319,10
309,319,10
309,319,10
309,319,10
309,319,10
309,319,10
309,319,10
309,319,10
309,319,10
309,319,10
309,319,10
309,319,10
309,319,10
309,319,10
309,319,10
309,333,10
309,333,10
309,333,10
309,333,10
309,333,10
309,333,10
309,333,10
309,333,10
309,319,10
309,319,10
309,319,10
309,319,10
309,319,10
309,319,10
309,319,10
309,319,10
309,319,10
309,319,10
309,319,10
309,319,10
309,319,10
309,319,10
309,319,10
309,319,10
309,319,10
309,319,10
309,306,10
309,306,10
309,306,10
309,306,10
309,306,10
309,306,10
309,306,10
309,306,10
309,306,10
309,306,10
309,306,10
309,306,10
309,306,10
309,306,10
309,306,10
309,306,10
309,306,10
309,306,10
309,306,10
309,306,10
309,306,10
309,306,10
309,306,10
309,306,10
309,306,10
309,306,10
309,306,10
309,306,10
309,306,10
309,306,10
309,313,10
294,296,10
294,296,10
294,296,10
294,296,10
294,296,10
294,296,10
294,296,10
294,296,10
294,296,10
294,296,10
294,296,10
294,296,10
294,296,10
294,296,10
294,296,10
294,296,10
294,296,10
294,296,10
294,296,10
294,296,10
294,296,10
294,296,10
294,296,10
294,296,10
294,296,10
294,296,10
294,296,10
294,296,10
294,296,10
294,296,10
294,296,10
294,296,10
294,296,10
294,296,10
294,296,10
294,296,10
294,296,10
294,296,10
294,296,10
294,296,10
294,302,10
294,302,10
294,302,10
294,302,10
294,302,10
294,302,10
294,302,10
294,302,10
294,302,10
294,302,10
294,302,10
294,302,10
294,302,10
294,302,10
294,302,10
294,302,10
294,302,10
294,302,10
294,302,10
294,302,10
294,302,10
294,302,10
294,302,10
294,302,10
294,291,10
294,291,10
294,291,10
294,291,10
294,291,10
294,291,10
294,291,10
294,291,10
294,291,10
294,289,10
294,289,10
294,289,10
294,289,10
294,289,10
294,289,10
294,289,10
294,289,10
294,289,10
294,289,10
294,289,10
294,289,10
294,289,10
294,289,10
294,289,10
294,291,10
294,291,10
294,291,10
294,291,10
294,291,10
294,291,10
294,291,10
294,291,10
294,291,10
294,291,10
294,291,10
294,291,10
294,291,10
294,291,10
294,291,10
294,291,10
294,291,10
294,291,10
294,291,10
294,291,10
294,291,10
294,283,10
294,283,10
294,283,10
294,283,10
294,283,10
294,283,10
294,283,10
294,283,10
294,283,10
294,283,10
294,283,10
294,283,10
294,283,10
294,283,10
294,283,10
294,283,10
294,283,10
294,283,10
294,283,10
294,283,10
294,283,10
294,283,10
294,283,10
294,283,10
294,283,10
294,283,10
294,283,10
294,283,10
294,283,10
294,283,10
294,283,10
294,283,10
294,283,10
294,289,10
294,289,10
294,289,10
294,289,10
294,289,10
294,289,10
294,289,10
294,289,10
294,289,10
294,289,10
294,289,10
294,289,10
294,289,10
294,289,10
294,289,10
294,289,10
294,289,10
294,289,10
294,289,10
294,289,10
294,289,10
294,289,10
294,289,10
294,289,10
294,289,10
294,289,10
294,289,10
294,289,10
294,289,10
294,289,10
294,289,10
294,292,10
294,292,10
294,292,10
294,292,10
294,292,10
294,292,10
294,292,10
294,292,10
294,292,10
294,292,10
294,292,10
294,292,10
294,292,10
294,292,10
294,292,10
294,294,10
294,294,10
294,294,10
294,294,10
294,294,10
294,294,10
294,294,10
294,294,10
294,294,10
294,294,10
294,294,10
294,294,10
294,294,10
294,294,10
294,294,10
294,294,10
294,294,10
294,294,10
294,294,10
294,294,10
294,294,10
294,294,10
294,294,10
294,294,10
294,294,10
294,294,10
294,294,10
294,294,10
294,294,10
294,294,10
294,294,10
294,294,10
294,294,10
294,294,10
294,294,10
294,294,10
294,294,10
294,294,10
294,294,10
294,294,10
294,294,10
294,294,10
294,294,10
294,293,10
294,293,10
294,293,10
294,293,10
294,293,10
294,293,10
294,293,10
294,293,10
294,293,10
294,300,10
294,300,10
294,300,10
294,300,10
294,300,10
294,300,10
294,300,10
294,300,10
294,300,10
294,300,10
294,300,10
294,300,10
294,300,10
294,300,10
294,295,10
294,295,10
294,295,10
294,295,10
294,295,10
294,295,10
294,295,10
294,312,10
294,312,10
294,312,10
294,312,10
294,312,10
294,312,10
294,297,10
294,297,10
294,297,10
294,297,10
294,297,10
294,297,10
294,297,10
294,297,10
294,312,10
294,312,10
294,312,10
294,312,10
294,312,10
294,312,10
294,312,10
294,312,10
294,312,10
294,312,10
294,312,10
294,312,10
294,312,10
294,312,10
294,312,10
294,312,10
294,312,10
294,312,10
294,312,10
294,312,10
294,312,10
294,312,10
294,312,10
294,312,10
294,312,10
294,312,10
294,312,10
294,312,10
294,312,10
294,312,10
294,312,10
294,312,10
294,312,10
294,312,10
294,312,10
294,312,10
294,312,10
294,312,10
294,312,10
294,312,10
294,312,10
294,312,10
294,312,10
294,312,10
294,312,10
294,312,10
294,312,10
294,312,10
294,287,10
294,287,10
294,287,10
294,287,10
294,287,10
294,287,10
294,287,10
294,287,10
294,287,10
294,287,10
294,287,10
294,287,10
294,287,10
294,287,10
294,287,10
294,287,10
294,287,10
294,287,10
294,287,10
294,287,10
294,287,10
294,299,10
294,299,10
294,299,10
294,299,10
294,299,10
294,299,10
294,299,10
294,299,10
294,299,10
294,299,10
294,299,10
294,291,10
294,291,10
294,291,10
294,291,10
294,291,10
294,291,10
294,291,10
294,291,10
294,300,10
294,300,10
294,300,10
294,300,10
294,300,10
294,300,10
294,300,10
294,300,10
294,300,10
294,300,10
294,300,10
294,300,10
294,300,10
294,300,10
294,300,10
294,300,10
294,300,10
294,300,10
294,300,10
294,300,10
294,300,10
294,300,10
294,272,10
294,272,10
294,272,10
294,272,10
294,272,10
294,272,10
294,272,10
294,272,10
294,272,10
294,272,10
294,272,10
294,281,10
294,281,10
294,281,10
294,281,10
294,281,10
294,281,10
294,281,10
294,281,10
294,281,10
294,281,10
294,281,10
294,281,10
294,281,10
294,281,10
294,281,10
294,281,10
294,281,10
294,281,10
294,281,10
294,281,10
294,280,10
294,280,10
294,280,10
294,280,10
294,280,10
294,280,10
294,280,10
294,280,10
294,280,10
294,280,10
294,280,10
294,280,10
294,280,10
294,280,10
294,280,10
294,280,10
294,280,10
294,280,10
324,330,10
324,330,10
324,330,10
324,330,10
324,330,10
324,330,10
324,330,10
324,323,10
324,323,10
324,323,10
324,323,10
324,323,10
324,323,10
324,323,10
324,323,10
324,323,10
324,323,10
324,323,10
324,323,10
324,323,10
324,323,10
324,323,10
324,323,10
324,323,10
324,323,10
324,323,10
324,304,10
324,304,10
324,304,10
324,304,10
324,304,10
324,304,10
324,304,10
324,314,10
324,314,10
324,314,10
324,314,10
324,314,10
324,314,10
324,314,10
324,314,10
324,314,10
324,330,10
324,330,10
324,330,10
324,330,10
324,330,10
324,330,10
324,330,10
324,330,10
324,330,10
324,330,10
324,330,10
324,330,10
324,330,10
324,330,10
324,330,10
324,330,10
324,330,10
324,323,10
324,323,10
324,323,10
324,323,10
324,323,10
324,323,10
324,323,10
324,323,10
324,323,10
324,323,10
324,323,10
324,323,10
324,323,10
324,323,10
324,313,10
324,313,10
324,313,10
324,313,10
324,313,10
324,313,10
324,313,10
324,313,10
324,313,10
324,313,10
324,313,10
324,313,10
324,313,10
324,313,10
324,313,10
324,318,10
324,318,10
324,318,10
324,318,10
324,318,10
324,318,10
324,318,10
324,318,10
324,318,10
324,318,10
324,318,10
324,318,10
324,318,10
324,318,10
324,326,10
324,326,10
324,326,10
324,326,10
324,326,10
324,326,10
324,326,10
324,326,10
324,326,10
324,326,10
